{"cameraMode":{"drawMode":0,"name":"Shaded","section":"Shading Mode"},"sceneLighting":true,"audioPlay":false,"sceneViewState":{"showFog":true,"showMaterialUpdate":false,"showSkybox":true,"showFlares":true,"showImageEffects":true,"showParticleSystems":true},"in2DMode":false,"pivot":{"x":1.000288963317871,"y":0.7876560688018799,"z":0.0},"rotation":{"x":0.0016521528596058488,"y":0.9389117360115051,"z":-0.3441236615180969,"w":0.004507509525865316},"size":1.0380196571350098,"orthographic":false}